<?xml version="1.0" encoding="UTF-8"?>
<GenRun Id="synth_1" LaunchPart="xc7z010clg400-1" LaunchTime="1713265885">
  <File Type="PA-TCL" Name="my_des_wrapper.tcl"/>
  <File Type="REPORTS-TCL" Name="my_des_wrapper_reports.tcl"/>
  <File Type="RDS-RDS" Name="my_des_wrapper.vds"/>
  <File Type="RDS-UTIL" Name="my_des_wrapper_utilization_synth.rpt"/>
  <File Type="RDS-UTIL-PB" Name="my_des_wrapper_utilization_synth.pb"/>
  <File Type="RDS-DCP" Name="my_des_wrapper.dcp"/>
  <FileSet Name="sources" Type="DesignSrcs" RelSrcDir="$PSRCDIR/sources_1">
    <Filter Type="Srcs"/>
    <File Path="$PSRCDIR/sources_1/new/my_xor.v">
      <FileInfo>
        <Attr Name="UsedIn" Val="synthesis"/>
        <Attr Name="UsedIn" Val="implementation"/>
        <Attr Name="UsedIn" Val="simulation"/>
      </FileInfo>
    </File>
    <File Path="$PSRCDIR/sources_1/new/my_alu.v">
      <FileInfo>
        <Attr Name="UsedIn" Val="synthesis"/>
        <Attr Name="UsedIn" Val="implementation"/>
        <Attr Name="UsedIn" Val="simulation"/>
      </FileInfo>
    </File>
    <File Path="$PSRCDIR/sources_1/bd/my_des/my_des.bd">
      <FileInfo>
        <Attr Name="UsedIn" Val="synthesis"/>
        <Attr Name="UsedIn" Val="implementation"/>
        <Attr Name="UsedIn" Val="simulation"/>
      </FileInfo>
    </File>
    <File Path="$PSRCDIR/sources_1/bd/my_des/hdl/my_des_wrapper.v">
      <FileInfo>
        <Attr Name="UsedIn" Val="synthesis"/>
        <Attr Name="UsedIn" Val="implementation"/>
        <Attr Name="UsedIn" Val="simulation"/>
      </FileInfo>
    </File>
    <Config>
      <Option Name="DesignMode" Val="RTL"/>
      <Option Name="TopModule" Val="my_des_wrapper"/>
      <Option Name="TopAutoSet" Val="TRUE"/>
    </Config>
  </FileSet>
  <FileSet Name="constrs_in" Type="Constrs" RelSrcDir="$PSRCDIR/constrs_1">
    <Filter Type="Constrs"/>
    <File Path="$PSRCDIR/constrs_1/new/my_const.xdc">
      <FileInfo>
        <Attr Name="UsedIn" Val="synthesis"/>
        <Attr Name="UsedIn" Val="implementation"/>
      </FileInfo>
    </File>
    <Config>
      <Option Name="TargetConstrsFile" Val="$PSRCDIR/constrs_1/new/my_const.xdc"/>
      <Option Name="ConstrsType" Val="XDC"/>
    </Config>
  </FileSet>
  <Strategy Version="1" Minor="2">
    <StratHandle Name="Vivado Synthesis Defaults" Flow="Vivado Synthesis 2017"/>
    <Step Id="synth_design"/>
  </Strategy>
  <BlockFileSet Type="BlockSrcs" Name="my_des_processing_system7_0_0"/>
  <BlockFileSet Type="BlockSrcs" Name="my_des_axi_gpio_0_0"/>
  <BlockFileSet Type="BlockSrcs" Name="my_des_my_alu_0_0"/>
  <BlockFileSet Type="BlockSrcs" Name="my_des_axi_gpio_0_1"/>
  <BlockFileSet Type="BlockSrcs" Name="my_des_rst_ps7_0_50M_0"/>
  <BlockFileSet Type="BlockSrcs" Name="my_des_xbar_0"/>
  <BlockFileSet Type="BlockSrcs" Name="my_des_my_xor_0_0"/>
</GenRun>
