<?xml version="1.0"?>
<Runs Version="1" Minor="0">
	<Run Id="my_des_my_xor_0_0_synth_1" LaunchDir="D:/zync/lab5p2/lab5p2.runs/my_des_my_xor_0_0_synth_1" FlowId="Vivado_Synthesis" FromStepId="vivado" ToStepId="vivado"/>
	<Run Id="synth_1" LaunchDir="D:/zync/lab5p2/lab5p2.runs/synth_1" FlowId="Vivado_Synthesis" FromStepId="vivado" ToStepId="vivado">
		<Parent Id="my_des_my_xor_0_0_synth_1"/>
	</Run>
	<Run Id="impl_1" LaunchDir="D:/zync/lab5p2/lab5p2.runs/impl_1" FlowId="Vivado_Implementation" FromStepId="init_design" ToStepId="write_bitstream">
		<Parent Id="synth_1"/>
		<Parent Id="my_des_my_xor_0_0_synth_1"/>
	</Run>
</Runs>

