<?xml version="1.0"?>
<Runs Version="1" Minor="0">
	<Run Id="my_des_my_xor_0_0_synth_1" LaunchDir="D:/zync/lab5p2/lab5p2.runs/my_des_my_xor_0_0_synth_1" FlowId="Vivado_Synthesis" FromStepId="vivado" ToStepId="vivado"/>
	<Run Id="my_des_processing_system7_0_0_synth_1" LaunchDir="D:/zync/lab5p2/lab5p2.runs/my_des_processing_system7_0_0_synth_1" FlowId="Vivado_Synthesis" FromStepId="vivado" ToStepId="vivado"/>
	<Run Id="my_des_my_alu_0_0_synth_1" LaunchDir="D:/zync/lab5p2/lab5p2.runs/my_des_my_alu_0_0_synth_1" FlowId="Vivado_Synthesis" FromStepId="vivado" ToStepId="vivado"/>
	<Run Id="my_des_axi_gpio_0_0_synth_1" LaunchDir="D:/zync/lab5p2/lab5p2.runs/my_des_axi_gpio_0_0_synth_1" FlowId="Vivado_Synthesis" FromStepId="vivado" ToStepId="vivado"/>
	<Run Id="my_des_axi_gpio_0_1_synth_1" LaunchDir="D:/zync/lab5p2/lab5p2.runs/my_des_axi_gpio_0_1_synth_1" FlowId="Vivado_Synthesis" FromStepId="vivado" ToStepId="vivado"/>
	<Run Id="my_des_rst_ps7_0_50M_0_synth_1" LaunchDir="D:/zync/lab5p2/lab5p2.runs/my_des_rst_ps7_0_50M_0_synth_1" FlowId="Vivado_Synthesis" FromStepId="vivado" ToStepId="vivado"/>
	<Run Id="my_des_xbar_0_synth_1" LaunchDir="D:/zync/lab5p2/lab5p2.runs/my_des_xbar_0_synth_1" FlowId="Vivado_Synthesis" FromStepId="vivado" ToStepId="vivado"/>
	<Run Id="my_des_auto_pc_0_synth_1" LaunchDir="D:/zync/lab5p2/lab5p2.runs/my_des_auto_pc_0_synth_1" FlowId="Vivado_Synthesis" FromStepId="vivado" ToStepId="vivado"/>
</Runs>

