<?xml version="1.0" encoding="UTF-8"?>
<!-- IMPORTANT: This is an internal file that has been generated
     by the Xilinx ISE software.  Any direct editing or
     changes made to this file may result in unpredictable
     behavior or data corruption.  It is strongly advised that
     users do not edit the contents of this file. -->
<DeviceUsageSummary rev="10">
<DesignStatistics TimeStamp="Mon Apr 01 14:56:17 2024"><group name="MiscellaneousStatistics">
<item name="AGG_BONDED_IO" rev="10">
<attrib name="value" value="102"/></item>
<item name="AGG_IO" rev="10">
<attrib name="value" value="102"/></item>
<item name="AGG_SLICE" rev="10">
<attrib name="value" value="374"/></item>
<item name="NUM_BONDED_IOB" rev="10">
<attrib name="value" value="102"/></item>
<item name="NUM_BSFULL" rev="10">
<attrib name="value" value="859"/></item>
<item name="NUM_BSLUTONLY" rev="10">
<attrib name="value" value="76"/></item>
<item name="NUM_BSREGONLY" rev="10">
<attrib name="value" value="257"/></item>
<item name="NUM_BSUSED" rev="10">
<attrib name="value" value="1192"/></item>
<item name="NUM_BUFG" rev="10">
<attrib name="value" value="1"/></item>
<item name="NUM_DSP48E1" rev="10">
<attrib name="value" value="2"/></item>
<item name="NUM_LOGIC_O5ANDO6" rev="10">
<attrib name="value" value="362"/></item>
<item name="NUM_LOGIC_O5ONLY" rev="10">
<attrib name="value" value="30"/></item>
<item name="NUM_LOGIC_O6ONLY" rev="10">
<attrib name="value" value="448"/></item>
<item name="NUM_LUT_RT_DRIVES_CARRY4" rev="10">
<attrib name="value" value="5"/></item>
<item name="NUM_LUT_RT_DRIVES_FLOP" rev="10">
<attrib name="value" value="30"/></item>
<item name="NUM_LUT_RT_EXO5" rev="10">
<attrib name="value" value="30"/></item>
<item name="NUM_LUT_RT_EXO6" rev="10">
<attrib name="value" value="5"/></item>
<item name="NUM_LUT_RT_O5" rev="10">
<attrib name="value" value="27"/></item>
<item name="NUM_LUT_RT_O6" rev="10">
<attrib name="value" value="30"/></item>
<item name="NUM_RPM" rev="10">
<attrib name="value" value="1"/></item>
<item name="NUM_SLICEL" rev="10">
<attrib name="value" value="347"/></item>
<item name="NUM_SLICEM" rev="10">
<attrib name="value" value="27"/></item>
<item name="NUM_SLICE_CARRY4" rev="10">
<attrib name="value" value="162"/></item>
<item name="NUM_SLICE_CONTROLSET" rev="10">
<attrib name="value" value="13"/></item>
<item name="NUM_SLICE_CYINIT" rev="10">
<attrib name="value" value="1376"/></item>
<item name="NUM_SLICE_FF" rev="10">
<attrib name="value" value="1247"/></item>
<item name="NUM_SLICE_UNUSEDCTRL" rev="10">
<attrib name="value" value="13"/></item>
<item name="NUM_SRL_O6ONLY" rev="10">
<attrib name="value" value="60"/></item>
<item name="NUM_UNUSABLE_FF_BELS" rev="10">
<attrib name="value" value="69"/></item>
<item name="Xilinx Core floating_point_v5_0, Xilinx CORE Generator 14.7" rev="10">
<attrib name="value" value="2"/></item>
</group>
</DesignStatistics>
<CmdHistory>
</CmdHistory>
</DeviceUsageSummary>
