<?xml version="1.0" encoding="UTF-8"?>
<GenRun Id="impl_1" LaunchPart="xc7z010clg400-1" LaunchTime="1713265892">
  <File Type="ROUTE-PWR" Name="my_des_wrapper_power_routed.rpt"/>
  <File Type="PA-TCL" Name="my_des_wrapper.tcl"/>
  <File Type="PWROPT-DCP" Name="my_des_wrapper_pwropt.dcp"/>
  <File Type="ROUTE-PWR-SUM" Name="my_des_wrapper_power_summary_routed.pb"/>
  <File Type="REPORTS-TCL" Name="my_des_wrapper_reports.tcl"/>
  <File Type="BG-DRC" Name="my_des_wrapper.drc"/>
  <File Type="OPT-HWDEF" Name="my_des_wrapper.hwdef"/>
  <File Type="OPT-DCP" Name="my_des_wrapper_opt.dcp"/>
  <File Type="OPT-DRC" Name="my_des_wrapper_drc_opted.rpt"/>
  <File Type="PLACE-DCP" Name="my_des_wrapper_placed.dcp"/>
  <File Type="PLACE-IO" Name="my_des_wrapper_io_placed.rpt"/>
  <File Type="PLACE-UTIL" Name="my_des_wrapper_utilization_placed.rpt"/>
  <File Type="PLACE-UTIL-PB" Name="my_des_wrapper_utilization_placed.pb"/>
  <File Type="PLACE-CTRL" Name="my_des_wrapper_control_sets_placed.rpt"/>
  <File Type="PLACE-PRE-SIMILARITY" Name="my_des_wrapper_incremental_reuse_pre_placed.rpt"/>
  <File Type="POSTPLACE-PWROPT-DCP" Name="my_des_wrapper_postplace_pwropt.dcp"/>
  <File Type="PHYSOPT-DCP" Name="my_des_wrapper_physopt.dcp"/>
  <File Type="BG-BIT" Name="my_des_wrapper.bit"/>
  <File Type="ROUTE-ERROR-DCP" Name="my_des_wrapper_routed_error.dcp"/>
  <File Type="ROUTE-DCP" Name="my_des_wrapper_routed.dcp"/>
  <File Type="ROUTE-BLACKBOX-DCP" Name="my_des_wrapper_routed_bb.dcp"/>
  <File Type="ROUTE-DRC" Name="my_des_wrapper_drc_routed.rpt"/>
  <File Type="ROUTE-DRC-PB" Name="my_des_wrapper_drc_routed.pb"/>
  <File Type="ROUTE-DRC-RPX" Name="my_des_wrapper_drc_routed.rpx"/>
  <File Type="BITSTR-MSK" Name="my_des_wrapper.msk"/>
  <File Type="ROUTE-METHODOLOGY-DRC" Name="my_des_wrapper_methodology_drc_routed.rpt"/>
  <File Type="BG-BGN" Name="my_des_wrapper.bgn"/>
  <File Type="ROUTE-METHODOLOGY-DRC-RPX" Name="my_des_wrapper_methodology_drc_routed.rpx"/>
  <File Type="BITSTR-RBT" Name="my_des_wrapper.rbt"/>
  <File Type="ROUTE-METHODOLOGY-DRC-PB" Name="my_des_wrapper_methodology_drc_routed.pb"/>
  <File Type="BG-BIN" Name="my_des_wrapper.bin"/>
  <File Type="ROUTE-PWR-RPX" Name="my_des_wrapper_power_routed.rpx"/>
  <File Type="ROUTE-STATUS" Name="my_des_wrapper_route_status.rpt"/>
  <File Type="ROUTE-STATUS-PB" Name="my_des_wrapper_route_status.pb"/>
  <File Type="ROUTE-TIMINGSUMMARY" Name="my_des_wrapper_timing_summary_routed.rpt"/>
  <File Type="ROUTE-TIMING-PB" Name="my_des_wrapper_timing_summary_routed.pb"/>
  <File Type="ROUTE-TIMING-RPX" Name="my_des_wrapper_timing_summary_routed.rpx"/>
  <File Type="ROUTE-CLK" Name="my_des_wrapper_clock_utilization_routed.rpt"/>
  <File Type="RDI-RDI" Name="my_des_wrapper.vdi"/>
  <File Type="POSTROUTE-PHYSOPT-DCP" Name="my_des_wrapper_postroute_physopt.dcp"/>
  <File Type="POSTROUTE-PHYSOPT-BLACKBOX-DCP" Name="my_des_wrapper_postroute_physopt_bb.dcp"/>
  <File Type="BITSTR-NKY" Name="my_des_wrapper.nky"/>
  <File Type="BITSTR-BMM" Name="my_des_wrapper_bd.bmm"/>
  <File Type="BITSTR-MMI" Name="my_des_wrapper.mmi"/>
  <File Type="BITSTR-LTX" Name="my_des_wrapper.ltx"/>
  <File Type="BITSTR-SYSDEF" Name="my_des_wrapper.sysdef"/>
  <File Type="WBT-USG" Name="usage_statistics_webtalk.html"/>
  <FileSet Name="sources" Type="DesignSrcs" RelSrcDir="$PSRCDIR/sources_1">
    <Filter Type="Srcs"/>
    <File Path="$PSRCDIR/sources_1/new/my_xor.v">
      <FileInfo>
        <Attr Name="UsedIn" Val="synthesis"/>
        <Attr Name="UsedIn" Val="implementation"/>
        <Attr Name="UsedIn" Val="simulation"/>
      </FileInfo>
    </File>
    <File Path="$PSRCDIR/sources_1/new/my_alu.v">
      <FileInfo>
        <Attr Name="UsedIn" Val="synthesis"/>
        <Attr Name="UsedIn" Val="implementation"/>
        <Attr Name="UsedIn" Val="simulation"/>
      </FileInfo>
    </File>
    <File Path="$PSRCDIR/sources_1/bd/my_des/my_des.bd">
      <FileInfo>
        <Attr Name="UsedIn" Val="synthesis"/>
        <Attr Name="UsedIn" Val="implementation"/>
        <Attr Name="UsedIn" Val="simulation"/>
      </FileInfo>
    </File>
    <File Path="$PSRCDIR/sources_1/bd/my_des/hdl/my_des_wrapper.v">
      <FileInfo>
        <Attr Name="UsedIn" Val="synthesis"/>
        <Attr Name="UsedIn" Val="implementation"/>
        <Attr Name="UsedIn" Val="simulation"/>
      </FileInfo>
    </File>
    <Config>
      <Option Name="DesignMode" Val="RTL"/>
      <Option Name="TopModule" Val="my_des_wrapper"/>
      <Option Name="TopAutoSet" Val="TRUE"/>
    </Config>
  </FileSet>
  <FileSet Name="constrs_in" Type="Constrs" RelSrcDir="$PSRCDIR/constrs_1">
    <Filter Type="Constrs"/>
    <File Path="$PSRCDIR/constrs_1/new/my_const.xdc">
      <FileInfo>
        <Attr Name="UsedIn" Val="synthesis"/>
        <Attr Name="UsedIn" Val="implementation"/>
      </FileInfo>
    </File>
    <Config>
      <Option Name="TargetConstrsFile" Val="$PSRCDIR/constrs_1/new/my_const.xdc"/>
      <Option Name="ConstrsType" Val="XDC"/>
    </Config>
  </FileSet>
  <Strategy Version="1" Minor="2">
    <StratHandle Name="Vivado Implementation Defaults" Flow="Vivado Implementation 2017"/>
    <Step Id="init_design"/>
    <Step Id="opt_design"/>
    <Step Id="power_opt_design"/>
    <Step Id="place_design"/>
    <Step Id="post_place_power_opt_design"/>
    <Step Id="phys_opt_design"/>
    <Step Id="route_design"/>
    <Step Id="post_route_phys_opt_design"/>
    <Step Id="write_bitstream"/>
  </Strategy>
  <BlockFileSet Type="BlockSrcs" Name="my_des_processing_system7_0_0"/>
  <BlockFileSet Type="BlockSrcs" Name="my_des_axi_gpio_0_0"/>
  <BlockFileSet Type="BlockSrcs" Name="my_des_my_alu_0_0"/>
  <BlockFileSet Type="BlockSrcs" Name="my_des_axi_gpio_0_1"/>
  <BlockFileSet Type="BlockSrcs" Name="my_des_rst_ps7_0_50M_0"/>
  <BlockFileSet Type="BlockSrcs" Name="my_des_xbar_0"/>
  <BlockFileSet Type="BlockSrcs" Name="my_des_my_xor_0_0"/>
</GenRun>
